UserScreenName,UserName,Timestamp,Text,Embedded_text,Emojis,Comments,Likes,Retweets,Image link,Tweet URL
Markus K√∂ss,@wetterkoess,2020-04-01T08:52:02.000Z,"Statt #Zugspitzblick bleibt es bis auf weiteres beim #Domblick 

#K√∂ln #StayAtHome #COVID19 #notontour",,,,,9,['https://pbs.twimg.com/media/EUgY506XkAEKt1-?format=jpg&name=small'],https://twitter.com/wetterkoess/status/1245272699074723840
Ursula M√∂rs,@Mrsgugi,2020-04-01T17:55:51.000Z,"Das wurde aus wirtschaftlichen Gr√ºnden ignoriert- leider holt uns genau das jetzt ein!! #coronavirus #Pandemie #COVID19 #Science 
@BillGates
 @CDU_CSU_EP
 @CDU
 @spdbt
 @Die_Gruenen","Frankfurter Allgemeine
@faznet
 ¬∑ 1. Apr. 2020
Bill Gates und Nassim Nicolas Taleb haben gewusst, was durch eine #Pandemie droht, wie wir sie nun erleben. Sie haben die Anf√§lligkeiten unserer Gesellschaft und Wirtschaft klar benannt. Warum hat keiner auf sie geh√∂rt?  https://buff.ly/3bJFTzu #COVID„Éº19",,,,,['https://pbs.twimg.com/profile_images/1206956128682332162/HPVzEVk8_mini.jpg'],https://twitter.com/Mrsgugi/status/1245409557934944256
Franz-Josef Baldus,@snackcontent_de,2020-04-01T12:20:51.000Z,"Ich bin ja kein Freund von Verschw√∂rungstheorien, aber ich hab genau denselben Verdacht  #effzeh #COVID19","Von 
Oliver Kremer",üòÇ üëü,1,1,9,['https://pbs.twimg.com/ext_tw_video_thumb/1245001195841818625/pu/img/Xcm_RZ358g-TesiC.jpg'],https://twitter.com/snackcontent_de/status/1245325252231680000
Carsten Fiedler,@carsten_fiedler,2020-04-01T19:39:26.000Z,"#K√∂ln #koeln  #coronavirus #COVID19 #CoronaApp Um es vorsorglich mal ganz deutlich zu sagen! Kommentar zum Handy-Tracking: Grundrechte sind trotz Corona-Krise nicht verhandelbar (via 
@ksta_koeln
)","Kommentar zum Handy-Tracking: Grundrechte sind trotz Corona-Krise nicht verhandelbar | K√∂lner...
Liebe Leserinnen, liebe Leser,
ksta.de",,2,1,1,[],https://twitter.com/carsten_fiedler/status/1245435624280244224
Regamy,@DPRegamy,2020-04-01T09:13:16.000Z,#wirschaffendas #dankemerkel #COVID19 #dankefraumerkel,,,,,4,['https://pbs.twimg.com/media/EUgdxgzXsAAkWej?format=jpg&name=small'],https://twitter.com/DPRegamy/status/1245278042060132357
Oliver Neuroth,@ONeuroth,2020-04-02T11:17:41.000Z,"Andorra hat eine #exitstrategy: Die Regierung will die gesamte Bev√∂lkerung auf das #Coronavirus testen, Infizierte isolieren und dann schnell zur Normalit√§t zur√ºckkehren. Gut, Andorra hat gerade einmal 77.000 Einwohner... #COVID19","Diari d'Andorra
@diariandorra
 ¬∑ 2. Apr. 2020
El Govern vol iniciar els tests d'anticossos a tota la poblaci√≥ en dues setmanes #coronavirus #quedatacasa #covid19 @GovernAndorra @saasandorra http://ow.ly/oNAE30quEgr",,,3,12,"['https://pbs.twimg.com/profile_images/1268435719246303234/o7F6LZYe_mini.jpg', 'https://pbs.twimg.com/media/EUlrPDeUEAIdn9g?format=jpg&name=small']",https://twitter.com/ONeuroth/status/1245671743743832064
Sep PietSmiet #FF6,@SepPietsmiet,2020-04-02T19:59:51.000Z,"Noch nie habe ich mich √ºber 1.000.000 weniger gefreut als jetzt.. #COVID19

Irgendwie geht es im Moment weltweit viel zu schnell.. #StayAtHome",,üî•,8,5,527,[],https://twitter.com/SepPietsmiet/status/1245803150717698050
Sep PietSmiet #FF6,@SepPietsmiet,2020-04-02T05:50:39.000Z,"Ohne Witz, in der momentanen Lage bin ich irgendwie froh, dass gestern die Aprilscherze eher mau waren.. 

Viele Sachen zum Thema #Covid19 h√§tten bei einigen eher Panik hervorgerufen statt einem Lacher.",,üî• üëç,5,1,481,[],https://twitter.com/SepPietsmiet/status/1245589439658651651
Hamza BEKRI,@hamzathegunner,2020-04-02T02:14:43.000Z,"#Beard_Shaving_Challenge 
Make it alone,there is no Barbershop open  in this days because #COVID19  so do it alone ,without hurting yourself. ",,üí™,,1,2,['https://pbs.twimg.com/ext_tw_video_thumb/1245535028911751168/pu/img/WPODs6orK7EaOTNe.jpg'],https://twitter.com/hamzathegunner/status/1245535099438927873
Hamza BEKRI,@hamzathegunner,2020-04-02T02:14:43.000Z,"#Beard_Shaving_Challenge 
Make it alone,there is no Barbershop open  in this days because #COVID19  so do it alone ,without hurting yourself. ","0:23
98 Mal angezeigt",üí™,,1,2,[],https://twitter.com/hamzathegunner/status/1245535099438927873
Kai Fiedler,@kai_fiedler,2020-04-03T16:34:01.000Z,"Neuer Artikel: Wie funktionieren Antik√∂rpertests? Mit Erkl√§rungen zu #ELISA und #Schnelltest|s. Nat√ºrlich auch zum Nachh√∂ren als Podcast!  Viel Spa√ü! http://kaifiedler.de/antikoerpertests‚Ä¶ 
#Coronakrise #COVID19 #antikoerpertest","""Corona-Test 2.0‚Äú ‚Äì Wie funktionieren Antik√∂rpertests?
Der momentan verf√ºgbare Test auf eine Infektion mit dem neuartigen Coronavirus SARS-CoV-2 basiert auf der Polymerase-Kettenreaktion. Obwohl diese Methode sehr pr√§zise funktioniert, k√∂nnen nur frisch...
kaifiedler.de",üéß,,3,9,['https://pbs.twimg.com/card_img/1395568883906527236/NHbR33Ei?format=jpg&name=small'],https://twitter.com/kai_fiedler/status/1246113737410408448
Mirjam Jansen,@medmedia_koeln,2020-04-03T23:49:48.000Z,"Wer live dabei sein m√∂chte, folgt dem Link zur Registrierung.  #digitalhealth #livetalk #COVID19","medtoday Germany
@medtodaygermany
 ¬∑ 3. Apr. 2020
Save the Date Mittwoch, 8. April um 18 Uhr findet eine Expertendiskussion zum Thema ‚ÄûCorona Virus & #Cancer Care ‚Äì Was m√ºssen wir beachten?‚Äú statt. Seien Sie live dabei, wenn 7 Top-Experten zur aktuellen Situation diskutieren. Zur Registrierung https://bit.ly/3dNWBzs #covid19",‚ùó,,,2,"['https://pbs.twimg.com/profile_images/1388122401058299904/q8IyBy3f_mini.jpg', 'https://pbs.twimg.com/media/EUsQAbrX0AA0rSi?format=jpg&name=small']",https://twitter.com/medmedia_koeln/status/1246223407739527170
Markus K√∂ss,@wetterkoess,2020-04-03T10:25:58.000Z,"Wie aus einer anderen Welt...

#StayatHome #COVID19",,,,,3,['https://pbs.twimg.com/media/EUrBlsGU0AIekUp?format=jpg&name=small'],https://twitter.com/wetterkoess/status/1246021115488669696
Oliver Neuroth,@ONeuroth,2020-04-03T08:08:47.000Z,Spanien hat - umgerechnet auf die Einwohnerzahl - zehn Mal mehr Corona-Todesf√§lle als das Nachbarland #Portugal. Ein Grund: Die Regierung in Lissabon hat deutlich fr√ºher das √∂ffentliche Leben eingeschr√§nkt. #Coronakrise #COVID19,"Aktuelle Nachrichten - Inland Ausland Wirtschaft Kultur Sport - ARD Tagesschau
tagesschau.de",,,14,27,['https://pbs.twimg.com/card_img/1395480911081185280/xOG4Glan?format=png&name=small'],https://twitter.com/ONeuroth/status/1245986590964551680
Rachel Stewart,@RachelStewart04,2020-04-03T08:11:27.000Z,"Top tip #COVID19 : use your dry, chapped hands as a natural exfoliator for the rest of your body ",,‚úÖ,2,5,47,[],https://twitter.com/RachelStewart04/status/1245987261549854720
Rachel Stewart,@RachelStewart04,2020-04-03T14:52:24.000Z,Why is asparagus a priority in Germany‚Äôs #COVID19 response? Here‚Äôs a helpful poem to get you up to speed  https://youtu.be/blpDsXU7s4k #spargelernte #spargel,"Asparagus: A love poem for Germany's favorite vegetable | Meet the...
Asparagus festivals, asparagus queens, asparagus pizza... the Germans are never happier than when asparagus season rolls around. Meet the Germans presenter R...
youtube.com",üëâ,4,7,21,['https://pbs.twimg.com/card_img/1395274945106792450/fAChExyq?format=jpg&name=240x240'],https://twitter.com/RachelStewart04/status/1246088164416065536
Emek Ersoysal,@EmekErsoysal,2020-04-03T08:22:16.000Z,"Hayirli Cumalar guzel insanlar sizlere m√º≈üteri memnuniyetlerini sunmaya devam ediyorum. Karakovan ve Bal i√ßin doƒüru Avrupa da doƒüru Adres
#honey #COVID19Pandemic #Coronakrise #Corona #coronavirus #COVID19 #Bal #Honig #EvdeKal #sipari≈ü #StayHomeSaveLives","0:10
90 Mal angezeigt",üí™,,,,[],https://twitter.com/EmekErsoysal/status/1245989984739483649
Silke Bettina Kargl,@sbkDiggi17,2020-04-04T20:40:32.000Z,"#Edeka macht Tanzwerbung
#cool
https://youtu.be/902cgK7_glU
#COVID19","EDEKA | Jeder eurer Schritte
Danke f√ºrs Abstand- und Zusammenhalten. Ihr seid - auch mit Abstand - die besten Kundinnen und Kunden, die man sich w√ºnschen kann. #wirundjetztf√ºralle
youtube.com",,,,,[],https://twitter.com/sbkDiggi17/status/1246538162370940930
Koray Tuna,@jimbo_jambalaya,2020-04-04T13:28:58.000Z,"Viele verhalten sich jetzt schon als ob das bald vorbei ist. Ich hoffe die Entt√§uschung ist nicht allzu gro√ü, falls es anders kommen sollte. #coronavirus #COVID19",,,,,,[],https://twitter.com/jimbo_jambalaya/status/1246429556040511488
Viktoria,@vv_viktoria,2020-04-04T19:32:56.000Z,"W√§re sch√∂n, wenn wir endlich aufh√∂ren, die #CoronaZeit als Krieg zu bezeichnen.
Es ist eine Pandemie - ja.
Eine Krise - ja.
Von mir aus - ein Kampf.
Aber es ist kein Krieg. Wir sind nicht im Krieg.

#WeAreNotAtWar #JustKeepDistance #JustStayHome #JustHelp #COVID19",,,1,,3,[],https://twitter.com/vv_viktoria/status/1246521150999576577
F√ºhrungskr√§fteChemie,@VAA_de,2020-04-04T12:31:55.000Z,"Im Kampf gegen die Ausbreitung des neuartigen #Corona-Virus und der #COVID19-Pandemie spielen rechtzeitige und zuverl√§ssige Tests eine Schl√ºsselrolle. Wie diese funktionieren, erkl√§rt 
@compoundchem
 in einem Schaubild. https://compoundchem.com/2020/03/19/covid-19-testing/‚Ä¶",,,1,,3,[],https://twitter.com/VAA_de/status/1246415200917557254
Christoph Schulte-Richtering,@ChristophSchuRi,2020-04-04T07:51:09.000Z,"Vorschlag ‚ÄûVirologen-Quartett‚Äú f√ºr die freie Zeit: Mit den jeweiligen Prognosen ‚ÄöL√§nge Shutdown‚Äô, ‚ÄöAnzahl der Infizierten‚Äò, ‚ÄöMindestabstand‚Äô. Mit Kekul√©, Drosten und nat√ºrlich dem Blitztrumpf Wodarg! #corona #covid19 #pandemie #masken #CoronaZeit",,,1,,2,[],https://twitter.com/ChristophSchuRi/status/1246344540484767749
Peter Ullrich,@PJUllrich,2020-04-05T11:20:25.000Z,"Diese elendig langen Wartezeiten an der Rheinuferstra√üe waren schon immer nervig aber jetzt mit #COVID19 werden sie auch noch gef√§hrlich
@Koeln",,,10,22,134,['https://pbs.twimg.com/media/EU1hPP2XgAE-pzV?format=jpg&name=small'],https://twitter.com/PJUllrich/status/1246759591788056577
Oliver Neuroth,@ONeuroth,2020-04-05T14:10:11.000Z,"Signale der Entspannung in #Spanien: Den dritten Tag in Folge sinkt die Zahl der neuen Todesf√§lle im Zusammenhang mit #Covid19. Regierungschef S√°nchez fordert einen Marshallplan, um die Wirtschaft wieder aufzubauen.","Corona-Pandemie: Positiver Trend in Spanien setzt sich fort
Seit Wochen gelten in Spanien strenge Ausgangssperren. Die einschneidenden Ma√ünahmen zeigen offenbar Wirkung: Die Zahl der Neuinfektionen und der Toten geht zur√ºck - allerdings auf hohem Niveau.
tagesschau.de",,,1,7,[],https://twitter.com/ONeuroth/status/1246802316927348736
June Gbadamosi,@sheisJunene,2020-04-05T11:45:29.000Z,"It's another Sunday, A Palm Sunday! This is not how we planned it.
#COVID19",,,,,1,[],https://twitter.com/sheisJunene/status/1246765900243636225
Daniel Rottlaender,@RottiAtHome,2020-04-05T12:25:47.000Z,"Hey 
@disneyplus
, wenn will #TheWeekenders be available? My quarantined self is waiting for it lol! #COVID19",,,,,2,[],https://twitter.com/RottiAtHome/status/1246776043895169024
Julia Nikol√°eva,@juliefromspb,2020-04-06T09:05:41.000Z,"Was soll das? 
‚ÄûIn China soll INFrec bei COVID-19 geholfen haben. Deshalb will ein Unternehmer es nach Deutschland einf√ºhren. Eine Ladung steht bereit, doch bisher darf er sie nicht einf√ºhren. Nun verhandelt er mit einem anderen Land.‚Äú
#Corona #COVID19","In China erfolgreich eingesetzt: Deutsche Firma will Corona-Medikament aus Kuba importieren
In China soll INFrec bei COVID-19 geholfen haben. Deshalb will ein Unternehmer es nach Deutschland einf√ºhren. Eine Ladung steht bereit, doch bisher darf er sie nicht einf√ºhren. Nun verhandelt er mit...
focus.de",,6,8,21,['https://pbs.twimg.com/card_img/1397468006733778945/vFubZp7g?format=jpg&name=small'],https://twitter.com/juliefromspb/status/1247088072954720256
Hevante,@HevanteX,2020-04-06T15:16:42.000Z,"So ihr pisser mit euren schei√ü Hamsterk√§ufen: Ich wollt endlich mal wieder richtig geile Burger kochen und was fehlt: Das Fleisch. Das kann nur von euch hamstern ausverkauft sein

Ich werde euch daf√ºr hassen 
#coronavirus #COVID19 #Hamsterkaeufe",,üòê,2,,3,['https://pbs.twimg.com/media/EU7g544X0AUCkAk?format=jpg&name=900x900'],https://twitter.com/HevanteX/status/1247181445627551745
Franz-Josef Baldus,@snackcontent_de,2020-04-06T10:45:13.000Z,"Ein weiterer Erkl√§rvideo-Snack von uns f√ºr 
@germandoctors
 - mit Verhaltenstipp f√ºr diejenigen unter euch, die sich krank f√ºhlen und eine #Covid19 Ansteckung bef√ºrchten. #SnackContent","German Doctors e.V.
@germandoctors
 ¬∑ 6. Apr. 2020
Sie f√ºhlen sich krank und f√ºrchten, sich mit dem #Coronavirus infiziert zu haben? Die @germandoctors  zeigen in diesem Video, worauf Sie achten m√ºssen und wie Sie sich verhalten sollten, bis die Diagnose gesichert ist.",,,,,"['https://pbs.twimg.com/profile_images/881785783954309120/Jw5KE33K_mini.jpg', 'https://pbs.twimg.com/ext_tw_video_thumb/1247110114810740736/pu/img/piaWFlGzDQX9bo-N.jpg']",https://twitter.com/snackcontent_de/status/1247113123238207488
Franz-Josef Baldus,@snackcontent_de,2020-04-06T10:45:13.000Z,"Ein weiterer Erkl√§rvideo-Snack von uns f√ºr 
@germandoctors
 - mit Verhaltenstipp f√ºr diejenigen unter euch, die sich krank f√ºhlen und eine #Covid19 Ansteckung bef√ºrchten. #SnackContent","German Doctors e.V.
@germandoctors
 ¬∑ 6. Apr. 2020
Sie f√ºhlen sich krank und f√ºrchten, sich mit dem #Coronavirus infiziert zu haben? Die @germandoctors  zeigen in diesem Video, worauf Sie achten m√ºssen und wie Sie sich verhalten sollten, bis die Diagnose gesichert ist.
0:49
179 Mal angezeigt",,,,,['https://pbs.twimg.com/profile_images/881785783954309120/Jw5KE33K_mini.jpg'],https://twitter.com/snackcontent_de/status/1247113123238207488
(((Andy Artmann))),@artbap,2020-04-07T23:28:58.000Z,"#FakeNews: Die Sch√§bigen, die T√∂dlichen und die Saudummen ‚Ä¶ #CoVid #Corona #covid19 https://tagesspiegel.de/themen/reportage/verschwoerungstheorien-zum-coronavirus-die-schaebigen-die-toedlichen-und-die-saudummen/25716306.html‚Ä¶",,,,,1,[],https://twitter.com/artbap/status/1247667714954604544
Ren√©L,@raennes_l,2020-04-07T12:21:24.000Z,Also manchmal.. hab gerade jmnd gesehen der seine Schutzmaske im Nacken! hatte daf√ºr vorne ne kippe im Mund. Muss ich das verstehen? #COVID19 #coronavirus,,,3,,1,[],https://twitter.com/raennes_l/status/1247499716889362432
Sep PietSmiet #FF6,@SepPietsmiet,2020-04-07T05:56:29.000Z,"Wenn man nur von Pollen niesen muss und alle denken man sei der wandelnde Tod  #COVID19
Geht die Zeit wieder los ... ",,üî• üò∑ üòì,30,22,1.193,[],https://twitter.com/SepPietsmiet/status/1247402850654859265
Karsten Be,@crizcgn,2020-04-07T16:52:52.000Z,"Offener Brief an die #COVID19 #Verschw√∂rungstheoretiker, verfasst vom 
@AnkerherzVerlag
. 

PS Dass die Regierung alles dicht macht um heimlich Horden an Killer-#Fl√ºchtlinge einzuschleusen ist auch ... Warum tun Internet Kommentatoren sowas ???  ",,ü•∫,,,1,['https://pbs.twimg.com/media/EVBAgE7XsAIuw8b?format=jpg&name=medium'],https://twitter.com/crizcgn/status/1247568035113730049
Oliver Stolz,@Stolz_Ohligs,2020-04-07T19:36:02.000Z,"#Fu√üball ist ein gro√üer gemeinsamer Nenner unserer Gesellschaft, manchmal sogar eine Art Kitt. F√ºr viele Menschen ist das wichtiger denn je, die k√∂nnen nicht ohne. Vielleicht ein leiser Grund, nicht sofort kategorisch alles abzulehnen. #Bundesliga #corona #COVID19 #coronavirus ",,‚öì ü¶†,,,,[],https://twitter.com/Stolz_Ohligs/status/1247609095923871747
Franz-Josef Baldus,@snackcontent_de,2020-04-07T17:51:23.000Z,Auf den Punkt gebracht  #Trump und #Covid19,"Jake Maccoby
@jdmaccoby
 ¬∑ 3. Apr. 2020
[Donald Trump, Titanic captain]

1. There is no iceberg 
2. We won‚Äôt hit the iceberg
3. We barely touched the iceberg
4. Nobody could‚Äôve seen the iceberg 
5. These deaths mean my plan worked
6. I‚Äôm the best captain ever",üëç,,,,['https://pbs.twimg.com/profile_images/1014170796577775616/j1ZuAkPd_mini.jpg'],https://twitter.com/snackcontent_de/status/1247582760006541314
Kerstin B√ºcker,@KerstinBucker,2020-04-07T05:41:04.000Z,Home can be the most dangerous place for women and girls. Let‚Äòs join forces facing the #COVID19 crisis to protect them and #EndViolence! #ForEveryChild,"United Nations SRSG on Violence against Children
@UN_EndViolence
 ¬∑ 6. Apr. 2020
During this #COVID19 crisis many women and girls around the world are experiencing violence within their circle of trust.

I join the appeal of the @UN SG @antonioguterres for an end to violence everywhere now, including at home where women and girls should be safest. twitter.com/antonioguterre‚Ä¶",,,1,3,['https://pbs.twimg.com/profile_images/1135552470686588928/tPmJg-fK_mini.jpg'],https://twitter.com/KerstinBucker/status/1247398967786254342
Laura Petrescu,@laura_petrescu,2020-04-07T06:17:51.000Z,"""Hmm, what will I do today with this newly found spare time?"" #lockdowneffect #COVID19",,,,,,['https://pbs.twimg.com/media/EU-vKNgXkAAW4z2?format=jpg&name=small'],https://twitter.com/laura_petrescu/status/1247408224841629697
Roni Shekhmous ÿ±ŸàŸÜŸä ÿ¥ŸäÿÆŸÖŸàÿ≥,@RoniShekhmos,2020-04-07T18:35:03.000Z,#ŸÉŸàÿ±ŸàŸÜÿß #COVID19 ,,üòÇ,1,,2,['https://pbs.twimg.com/media/EVBX5xCX0AA2nlF?format=jpg&name=small'],https://twitter.com/RoniShekhmos/status/1247593749036793860
Emek Ersoysal,@EmekErsoysal,2020-04-07T12:43:48.000Z,"#Karakovan #COVID19 #COVID2019de #CoronaVirusDE
Vir√ºs savar doƒüal √ºr√ºn√ºm√ºz√º almanin tam zamani ",,ü§ó,,,,['https://pbs.twimg.com/media/EVAHf3lWkAArHRa?format=jpg&name=900x900'],https://twitter.com/EmekErsoysal/status/1247505354176507905
Emek Ersoysal,@EmekErsoysal,2020-04-07T08:03:39.000Z,"Antep y√∂resinden acƒ±lƒ± ve biber sal√ßasƒ± ile domates sal√ßasƒ± satƒ±≈ülarƒ±mƒ±z ba≈ülamƒ±≈ütƒ±r.
 √úr√ºnlerimiz Antep y√∂resinden gelmektedir
Almanya dan t√ºm Avrupaya kargo g√∂nderilir
Sipari≈ü icin Telefon veyada DM den ileti≈üim kurulabilinr
#Antep #COVID19 #Coronakrise #memleket #sipari≈ü","0:12
108 Mal angezeigt",‚úÖ üöö üì±,,1,,['https://pbs.twimg.com/ext_tw_video_thumb/1247434829844688897/pu/img/UqGB-McV9PzAwd0w.jpg'],https://twitter.com/EmekErsoysal/status/1247434850547662849
Oliver Stolz,@Stolz_Ohligs,2020-04-08T18:53:02.000Z,"Die Forscher malen ein d√ºsteres Bild. Eine schwere Rezession wird die deutsche #Wirtschaft in diesem Jahr heimsuchen. Die #Corona-#Pandemie wird die Einkommen der Bundesb√ºrger durch #Kurzarbeit, wachsende Arbeitslosigkeit und ausbleibende Gewinne verringern. #Coronakrise #COVID19",,‚öì,,,,[],https://twitter.com/Stolz_Ohligs/status/1247960662602588160
Franz-Josef Baldus,@snackcontent_de,2020-04-08T10:47:10.000Z,"Neben ihrem ausf√ºhrlichen YouTube-Video jetzt noch ein kurzer, pr√§ziser 
@tagesthemen
 Kommentar vor Mai Thi Nguyen-Kim zu #Covid19","tagesthemen
@tagesthemen
 ¬∑ 7. Apr. 2020
""Wir sind erst am Anfang einer langen Epidemie. Doch schon werden ungeduldige Stimmen laut, die einen schnelleren Ausweg durch #Herdenimmunit√§t fordern. Klingt verlockend - doch die Idee ist faul"" - Die Debatte um die Herdenimmunit√§t, dazu @maithi_nk. (red) #Corona",,,,1,"['https://pbs.twimg.com/profile_images/1396821726902763522/DUfWWclU_mini.jpg', 'https://pbs.twimg.com/amplify_video_thumb/1247631846227079168/img/vGlTr-O-ZHx-hROU.jpg']",https://twitter.com/snackcontent_de/status/1247838390491451392
Britta Biederlack,@BBiederlack,2020-04-08T10:15:40.000Z,"Exhausted but happy return to Germany after 9 months in #NewZealand and a 37 hour-trip with great 
@FlyAirNZ
 thank you 
@HeikoMaas
 and #waimeacollege and 
@HayleyRoper11
 #Rueckholaktion #COVID19 #Neuseeland #Quarantine #Quarantaene",,,,,6,['https://pbs.twimg.com/media/EVEvMAcXYAITGe9?format=jpg&name=small'],https://twitter.com/BBiederlack/status/1247830461885317120
Joas Scholz,@JoasScholz,2020-04-08T17:23:15.000Z,"Emperor Donaldus I at bad work

https://edition.cnn.com/2020/04/07/politics/trump-sidelines-pentagon-watchdog-coronavirus-funds/index.html‚Ä¶

#USA #Trump #COVID19","Trump removes independent watchdog tasked with overseeing coronavirus emergency funds
President Donald Trump has removed the acting inspector general for the Defense Department, Glenn Fine, from his post -- a decision that means Fine will no longer chair the Pandemic Response Accoun...
edition.cnn.com",,1,1,1,['https://pbs.twimg.com/card_img/1394899205056090114/sYcgUZp1?format=jpg&name=small'],https://twitter.com/JoasScholz/status/1247938066087641090
OLAMIREWAJU AYODELE-YUSUF ISIDACHOME,,2020-04-08T14:47:37.000Z,"In light of the #coviÃád19 lockdown, I stopped eating much whilst at home  so as to lose weight. Boom irriz-Warri-Rizz. 
#stayhome 
#staysafe 
#stayhealthy @ Cologne, Germany https://instagram.com/p/B-uUkuUopXb/?igshid=18djrxrmleso9‚Ä¶",,üõ´ üõ¨ üè† üí•,,,,[],https://twitter.com/Olamirewaju22/status/1247898899399864323
feyruz,@MarbleBussines,2020-04-08T08:01:33.000Z,"Turkey President send  Medical equipments mask ,overalls........      Air Plane full today to Serbia , Bosna Herzegowina, Makedonya and Kosovo hope other countries will do it also Well done Turkey #COVID19de
#COVID19 #italy #Spain #Maske #CoronaVirusDE # https://instagram.com/p/B-tersEp1N9/?igshid=w3ozi65k1hjo‚Ä¶",,,,,2,[],https://twitter.com/MarbleBussines/status/1247796712904613890
Christoph Burkhardt,@chburkhardt,2020-04-08T05:45:17.000Z,"Higher levels of #AirPollution dramatically accelerate the devastating effects of #Covid19 - stay healthy indoors, clear your indoor air https://nytimes.com/2020/04/07/climate/air-pollution-coronavirus-covid.html‚Ä¶","John Englart EAM
@takvera
 ¬∑ 7. Apr. 2020
New research from Harvard University Medical school: ‚Äústatistically significant link between pollution and coronavirus deaths. ‚Äú #covid19 #coronavirus 
New Research Links Air Pollution to Higher Coronavirus Death Rates - The New York Times https://nytimes.com/2020/04/07/climate/air-pollution-coronavirus-covid.html‚Ä¶",üåè üí¶,,1,,['https://pbs.twimg.com/profile_images/1340289670236663808/Rpx6DfyH_mini.jpg'],https://twitter.com/chburkhardt/status/1247762417838252040
#Hambi bleibt,@DanniPilger,2020-04-08T10:05:48.000Z,"https://youtube.com/playlist?list=PLzFYjJINUTzllQH64ypelovZlTj44U5dN‚Ä¶ 8.4.19 
@FFF_Muenster
 Streik #m√ºnster #FridaysForFuture #nrw #COVID19 #coronavirusdeutschland #ZuhauseBleiben 
@EndeMunster","8.3.19 Fridays for Future M√ºnster
youtube.com",,,2,,[],https://twitter.com/DanniPilger/status/1247827979830517761
Murdock09,@Dodo1084,2020-04-09T21:36:52.000Z,"Alles steht im Zeichen von #Covid19, die ganze Welt steht still. Die ganze Welt? Nein! Ein kleines gallisches Dorf leistet Widerstand.

#autokino
#wirbleibenimauto",,,,,10,['https://pbs.twimg.com/media/EVMUsQZWAAEfEPQ?format=jpg&name=small'],https://twitter.com/Dodo1084/status/1248364281172824071
Chris,@cs50935,2020-04-09T08:10:14.000Z,"Taxifahrer haben es in diesen Zeiten auch nicht leicht...
No easy times for Taxidrivers these days...
.
.
.
#taxi #taxirufk√∂ln #mytaxi #taxidriver #mietwagen #stayhome #covid #covid19 #corona #warten #waiting #koeln‚Ä¶ https://instagram.com/p/B-wL08VKjWW/?igshid=j8vpvvo1lj16‚Ä¶",,,1,,1,[],https://twitter.com/cs50935/status/1248161282047557632
Oliver Neuroth,@ONeuroth,2020-04-09T17:10:11.000Z,"Bisher hatte #Portugal es geschafft, die Zahl der Infizierten auf einem niedrigen Niveau zu halten. Nun steigt sie sprunghaft hat. Der Grund: Die Beh√∂rden f√ºhren mehr Tests durch. #Coronavirus #Covid19","Coronavirus-Pandemie: Deutlich mehr F√§lle in Portugal
Bislang verzeichnete Portugal in der Corona-Krise nur wenig Infizierte - nun schnellt die Zahl sprunghaft nach oben. Der Grund: Mittlerweile werden deutlich mehr Menschen auf das Virus getestet. Von...
tagesschau.de",,4,1,3,[],https://twitter.com/ONeuroth/status/1248297168659718147
Wolfgang Gro√üe Entrup,@GrosseEntrupVCI,2020-04-10T17:16:15.000Z,"Ups? Verlaufen oder doch die A3...Deutschlands meistbefahrenstes Autobahnst√ºck? #StayAtHome  #FitForRestart #ostern2020 #COVID19 
@chemieverband",,,,1,21,['https://pbs.twimg.com/media/EVQioVxX0AEnWyG?format=jpg&name=small'],https://twitter.com/GrosseEntrupVCI/status/1248661080215302144
Andreas Schreiber,@onyame,2020-04-10T09:51:28.000Z,Singapore released the source code of their #TraceTogether contact tracing app under #OpenSource license GPL-3 as #OpenTrace: https://github.com/opentrace-community‚Ä¶ #Covid19 #COVID„Éº19 #privacy,"OpenTrace
OpenTrace is the reference implementation of BlueTrace, a privacy-preserving protocol for epidemiological contact tracing to fight COVID-19 - OpenTrace
github.com",,1,4,5,['https://pbs.twimg.com/card_img/1394787148453187585/wYlwTWXx?format=png&name=360x360'],https://twitter.com/onyame/status/1248549146350555137
Georgios Matis,@GeorgiosMatis,2020-04-10T13:45:43.000Z,"#COVID19de #COVID„Éº19 #COVID19deutschland #COVID19 #Uniklinik #K√∂ln 
@UKKoeln
 @UniCologne
 @koeln_de
 @ksta_koeln
 @KoelnischeR
 @radiokoeln
 @WDRaktuell
 @GSB_NRW
 @AU_de
 @BILD_Koeln
 @express24
 @koelnnews
 @UniCologneNY
 @CityNEWS_Koeln",,,,1,1,['https://pbs.twimg.com/media/EVPycCTUEAA3g9j?format=jpg&name=small'],https://twitter.com/GeorgiosMatis/status/1248608097192435722
E.T.,@et_fullhd,2020-04-11T19:34:14.000Z,"Warteschlange bestehend aus Rettungsw√§gen in Moskau. Der Fahrer sagt, dass er 9 Stunden gewartet hat bis er die erkrante Person in der Aufnahme abgegeben hat.
#corona, #COVID19","Alexey Navalny
@navalny
 ¬∑ 11. Apr. 2020
–ü–æ—Å–º–æ—Ç—Ä–∏—Ç–µ –≤–∏–¥–µ–æ, —Å–Ω—è—Ç–æ–µ –∏–∑ –º–∞—à–∏–Ω—ã ""–°–∫–æ—Ä–æ–π –ø–æ–º–æ—â–∏"" –∏ —É –≤–∞—Å –±–æ–ª—å—à–µ –Ω–µ –±—É–¥–µ—Ç –≤–æ–ø—Ä–æ—Å–æ–≤ –Ω–∞ —Ç–µ–º—É ""–ø–æ—á–µ–º—É –º—ã –≤–∏–¥–∏–º —Ä–æ–ª–∏–∫–∏ —Å –≥–∏–≥–∞–Ω—Ç—Å–∫–∏–º–∏ –æ—á–µ—Ä–µ–¥—è–º–∏ —Å–∫–æ—Ä—ã—Ö –ø–µ—Ä–µ–¥ –±–æ–ª—å–Ω–∏—Ü–∞–º–∏"".
–ß—Ç–æ–±—ã —Å–¥–∞—Ç—å –±–æ–ª—å–Ω–æ–≥–æ –Ω—É–∂–Ω–æ –ø—Ä–æ–∂–¥–∞—Ç—å 9 —á–∞—Å–æ–≤.",,1,,,"['https://pbs.twimg.com/profile_images/980761782909272064/h-qrVrmY_mini.jpg', 'https://pbs.twimg.com/ext_tw_video_thumb/1248998876868153345/pu/img/ZQRlYgCkW9FYwaB1.jpg']",https://twitter.com/et_fullhd/status/1249058194393042944
Heiko Schomberg,@schomberg,2020-04-11T16:01:23.000Z,Hei√üt #COVID19 in #M√∂nchengladbach eigentlich St. Virus?!!,,,1,,7,[],https://twitter.com/schomberg/status/1249004628945010691
Andreas Schreiber,@onyame,2020-04-11T22:09:55.000Z,"The mathematian John Horton Conway died because of #Covid19 . He was famous for his cellular automata Game of Life. Read this 
@QuantaMagazine
 article about his life and work: https://quantamagazine.org/john-conways-life-in-games-20150828/‚Ä¶ #COVID„Éº19 #JohnConway #GameOfLife",GIF,üòû,2,8,9,['https://pbs.twimg.com/tweet_video_thumb/EVWvbE4WAAIydWA.jpg'],https://twitter.com/onyame/status/1249097373386711048
Exil1904er,@Exil1904er,2020-04-12T10:16:21.000Z,Was ist eigentlich wenn es irgendwann einen #Impfstoff gegen #Corona gibt und die Impfgegner wieder aus den L√∂chern kommen? #COVID19,,,2,1,6,[],https://twitter.com/Exil1904er/status/1249280184395718658
Thomas Hintzen,@TMHintzen,2020-04-12T12:00:55.000Z,"Diese ""Wir alten Million√§re bleiben zuhause""-Sache k√∂nnte fast das D√§mlichste sein, was die Bild je verzapft hat. Und man wei√ü, da kommt ja einiges zusammen. #COVID19",,,,1,5,[],https://twitter.com/TMHintzen/status/1249306501241602048
Heiko Schomberg,@schomberg,2020-04-12T17:28:27.000Z,Dank #COVID19 sehe ich aus wie Geordi La Forge.,"Eicke
@eickefrohwein
 ¬∑ 12. Apr. 2020
Osterbrunch 2.0
(die Balken sind voll echt)",,1,,3,"['https://pbs.twimg.com/profile_images/1397203469514285059/IFZIkJVF_mini.jpg', 'https://pbs.twimg.com/media/EVawv-hXkAEgf8v?format=jpg&name=small']",https://twitter.com/schomberg/status/1249388928571969536
kerstin soederblom,@KSoederblom,2020-04-12T17:18:12.000Z,"Fr√∂hliche #Ostern Happy#Easter! In spite of #covid19 #corona #Easter means #hope and #trust that #together we can make it! #solidarity #mindulness @ Cologne, Germany https://instagram.com/p/B-44_nEAXEw/?igshid=1oxi1obyfjd7s‚Ä¶",,,,,2,[],https://twitter.com/KSoederblom/status/1249386349200920576
Einfach nur Phil,@nennmichPhil,2020-04-13T15:58:31.000Z,"Anfang M√§rz habe ich meine Freundin das letzte mal gesehen. Danach grippaler Infekt, jetzt #COVID19 Beschr√§nkungen.
Haben uns grade kurz getroffen.
Abstand. Am Ende kurz sowas wie umarmt.
Es tut weh. Und ich bin einer von ganz vielen Menschen die im Gesundheitswesen arbeiten (1)",,,3,1,17,[],https://twitter.com/nennmichPhil/status/1249728684883394561
Videoleben,@videoleben,2020-04-13T14:54:06.000Z,"Selbstgemacht - #Maske aus einem Kaffeefilter - besser als gar keine #Atemschutzmaske
https://youtu.be/5pDZMfVnVZg
#Corona #coronavirusdeutschland #coronavirus #CoronaVirusUpdate #CoronaVirusDE #Outbreak #CoronaOutbreak #Covid19 #Videoleben #Hamsterk√§ufe #Mundschutz #Maskenpflicht",,,,3,6,['https://pbs.twimg.com/media/EVfe3LrXgAA_q0u?format=jpg&name=360x360'],https://twitter.com/videoleben/status/1249712472271003648
Heiko Schomberg,@schomberg,2020-04-13T08:16:08.000Z,"Ich bin mittlerweile fast sicher, dass ich in diesem Jahr kein Fu√üballspiel mehr live im Stadion sehen werde. 

#COVID19",,,4,,7,[],https://twitter.com/schomberg/status/1249612322047492098
Christian Frank,@chfrank_cgn,2020-04-13T21:00:52.000Z,This can and should be a moment when the world realizes that the risks associated with fossil fuels truly are a matter of life and death: https://amp.cnn.com/cnn/2020/04/13/opinions/covid-19-climate-change-air-pollution-sutter/index.html?__twitter_impression=true‚Ä¶ #FridaysForFuture #ClimateEmergency #COVID19 #DigitalStrike,"Opinion: What does air pollution have to do with Covid-19?
John D. Sutter writes that of all the risks talked about during the global coronavirus pandemic, air pollution is one not getting the attention it deserves. A preliminary study found overlap between...
amp.cnn.com",,,1,1,[],https://twitter.com/chfrank_cgn/status/1249804771705401346
aboutlastyear,@aboutlastyear,2020-04-14T20:56:16.000Z,"Nach langer Zeit- endlich wieder
#blutspenden
#COVID19 ist ein guter Grund wieder mehr an seine Mitmenschen zu denken. 
450ml- bestens investiert. 
@UKKoeln
, danke an die wunderbare Betreuung
#SharingIsCaring
#spenden #lebenretten",,,,,3,[],https://twitter.com/aboutlastyear/status/1250166001511079938
#Hambi bleibt,@DanniPilger,2020-04-14T09:20:59.000Z,https://youtube.com/playlist?list=PLzFYjJINUTznFu9uVKrujXt2uXyjWAjdS‚Ä¶ 14.4.19 da wegen #COVID19 alles abgesagt ist gibt es alte Videos von mir #ZuhauseBleiben #hambacherwald #alled√∂rferbleiben #AnimalCrossingNewHorizons #fckrwe #CoronaLockdown,"Waldspaziergang Hambacher Wald 14.4.19
youtube.com",,,2,2,['https://pbs.twimg.com/card_img/1396196476259344387/pj3RBmkE?format=jpg&name=240x240'],https://twitter.com/DanniPilger/status/1249991028800618497
Oliver Stolz,@Stolz_Ohligs,2020-04-14T21:00:55.000Z,"Nun ist es an der Zeit, verantwortungsvoll wieder zu starten. Was wir aber sicher nicht brauchen, ist eine #Maskenpflicht. Ein Staat, der seine B√ºrger nicht ausreichend versorgen kann, kann deren Nutzung auch nicht verlangen. #maskeauf #CoronaVirusDE #COVID19 #lockdown ",,‚öì ü¶†,1,,1,[],https://twitter.com/Stolz_Ohligs/status/1250167174150459394
gese.the.real,@gese_the_real,2020-04-14T21:01:41.000Z,Lets hope.... #Coronakrise #COVID19 #CoronaVirusDE #Corona #COVID2019 #CoronavirusPandemic,"Olaf Gersemann
@OlafGersemann
 ¬∑ 14. Apr. 2020
Italy has flattened the curve, too! 

Der Zuwachs der AKTIVEN #Coronavirus-F√§lle steigt um 675, meldet der Zivilschutz. Das ist der geringste t√§gliche Zuwachs seit mehr als einem Monat. 

@welt",üôè üôè,,,,"['https://pbs.twimg.com/profile_images/1132026332437778434/G-xmWu5B_mini.jpg', 'https://pbs.twimg.com/media/EVlP2b0XgAE7FB5?format=jpg&name=small']",https://twitter.com/gese_the_real/status/1250167364588572675
UN Bonn,@UNBonn,2020-04-14T08:22:52.000Z,"The #COVID19 #pandemic affects everyone, everywhere. ‚Å†
‚Å†But it affects different groups of people differently, deepening existing #inequalities.‚Å†
‚Å†
Gender #equality and #WomensRights are essential to getting through this pandemic and to building a better future for everyone.",,,1,1,5,['https://pbs.twimg.com/ext_tw_video_thumb/1249975844564602881/pu/img/zF2agOlIloVjRVEq.jpg'],https://twitter.com/UNBonn/status/1249976403380056064
UN Bonn,@UNBonn,2020-04-14T08:22:52.000Z,"The #COVID19 #pandemic affects everyone, everywhere. ‚Å†
‚Å†But it affects different groups of people differently, deepening existing #inequalities.‚Å†
‚Å†
Gender #equality and #WomensRights are essential to getting through this pandemic and to building a better future for everyone.","2:18
98 Mal angezeigt",,1,1,5,[],https://twitter.com/UNBonn/status/1249976403380056064
